USUBJID,ROW,ARM,PCHG
01-704-1332,1,Xanomeline High Dose,113.9
01-701-1234,2,Placebo,108.6
01-703-1076,3,Xanomeline High Dose,107.3
01-708-1342,4,Placebo,105.6
01-701-1192,5,Xanomeline Low Dose,100.0
01-708-1296,6,Placebo,100.0
01-708-1428,7,Xanomeline Low Dose,97.6
01-701-1028,8,Xanomeline High Dose,95.3
01-710-1166,9,Xanomeline Low Dose,94.1
01-705-1280,10,Xanomeline High Dose,93.2
01-708-1406,11,Xanomeline High Dose,92.7
01-716-1160,12,Placebo,90.7
01-710-1060,13,Placebo,90.5
01-716-1298,14,Xanomeline Low Dose,89.7
01-708-1158,15,Placebo,87.0
01-702-1082,16,Xanomeline Low Dose,84.1
01-704-1164,17,Placebo,82.5
01-710-1354,18,Xanomeline High Dose,82.1
01-701-1440,19,Placebo,81.3
01-701-1148,20,Xanomeline High Dose,80.5
01-708-1378,21,Placebo,80.5
01-701-1188,22,Xanomeline Low Dose,79.1
01-707-1206,23,Placebo,75.6
01-704-1114,24,Xanomeline Low Dose,71.4
01-701-1130,25,Placebo,71.1
01-716-1108,26,Placebo,70.3
01-708-1286,27,Placebo,70.2
01-717-1446,28,Xanomeline Low Dose,68.9
01-714-1068,29,Xanomeline Low Dose,68.1
01-709-1238,30,Xanomeline High Dose,66.7
01-717-1004,31,Xanomeline Low Dose,66.7
01-716-1026,32,Placebo,66.0
01-708-1272,33,Xanomeline Low Dose,65.0
01-717-1344,34,Placebo,64.3
01-701-1324,35,Xanomeline Low Dose,63.6
01-716-1364,36,Xanomeline High Dose,63.6
01-704-1260,37,Placebo,63.4
01-718-1328,38,Xanomeline High Dose,62.8
01-710-1358,39,Xanomeline Low Dose,62.5
01-709-1020,40,Xanomeline Low Dose,61.9
01-704-1010,41,Placebo,60.5
01-718-1150,42,Placebo,60.4
01-710-1264,43,Placebo,60.0
01-704-1388,44,Placebo,58.1
01-716-1024,45,Placebo,58.1
01-710-1278,46,Xanomeline High Dose,57.4
01-709-1088,47,Placebo,54.5
01-701-1444,48,Xanomeline High Dose,53.7
01-705-1292,49,Xanomeline Low Dose,52.9
01-709-1168,50,Xanomeline High Dose,52.0
01-716-1308,51,Placebo,52.0
01-718-1250,52,Xanomeline Low Dose,51.2
01-701-1392,53,Placebo,51.0
01-710-1154,54,Xanomeline Low Dose,50.0
01-701-1146,55,Xanomeline High Dose,49.1
01-701-1302,56,Xanomeline High Dose,48.9
01-710-1368,57,Placebo,48.8
01-709-1102,58,Xanomeline Low Dose,48.1
01-710-1006,59,Xanomeline High Dose,48.1
01-704-1266,60,Xanomeline High Dose,47.2
01-704-1008,61,Xanomeline High Dose,47.1
01-709-1306,62,Placebo,45.7
01-708-1316,63,Placebo,43.4
01-701-1180,64,Xanomeline High Dose,43.2
01-701-1442,65,Xanomeline Low Dose,42.9
01-708-1348,66,Xanomeline Low Dose,42.9
01-710-1070,67,Xanomeline High Dose,42.0
01-708-1336,68,Xanomeline High Dose,41.2
01-704-1218,69,Xanomeline Low Dose,40.8
01-703-1210,70,Placebo,40.0
01-710-1408,71,Xanomeline High Dose,40.0
01-711-1036,72,Placebo,38.5
01-708-1178,73,Xanomeline High Dose,38.3
01-705-1282,74,Placebo,38.0
01-704-1074,75,Xanomeline High Dose,36.7
01-709-1326,76,Xanomeline Low Dose,36.5
01-704-1120,77,Xanomeline Low Dose,34.5
01-717-1174,78,Xanomeline High Dose,34.5
01-713-1106,79,Xanomeline High Dose,33.3
01-718-1172,80,Placebo,32.7
01-714-1288,81,Xanomeline High Dose,32.1
01-703-1086,82,Xanomeline Low Dose,31.5
01-708-1084,83,Xanomeline Low Dose,31.1
01-703-1258,84,Xanomeline High Dose,31.0
01-705-1310,85,Xanomeline High Dose,30.4
01-708-1216,86,Xanomeline High Dose,30.2
01-713-1448,87,Xanomeline Low Dose,30.0
01-718-1254,88,Xanomeline Low Dose,30.0
01-716-1418,89,Xanomeline High Dose,27.3
01-703-1182,90,Xanomeline Low Dose,26.9
01-701-1034,91,Xanomeline High Dose,24.6
01-701-1294,92,Xanomeline Low Dose,22.4
01-703-1042,93,Placebo,21.6
01-710-1078,94,Placebo,20.0
01-716-1094,95,Xanomeline Low Dose,15.0
01-701-1118,96,Placebo,11.1
01-716-1044,97,Placebo,6.5
01-713-1256,98,Placebo,0.0
01-710-1077,99,Placebo,-8.6
01-716-1071,100,Xanomeline High Dose,-11.1
01-701-1415,101,Placebo,-14.5
01-716-1063,102,Xanomeline Low Dose,-17.2
01-710-1385,103,Xanomeline Low Dose,-17.4
01-705-1431,104,Xanomeline Low Dose,-20.0
01-708-1347,105,Xanomeline High Dose,-21.3
01-704-1093,106,Xanomeline High Dose,-21.7
01-708-1171,107,Placebo,-23.0
01-709-1001,108,Placebo,-23.4
01-715-1207,109,Placebo,-23.9
01-710-1183,110,Placebo,-24.1
01-718-1355,111,Placebo,-24.2
01-715-1397,112,Placebo,-24.3
01-716-1177,113,Placebo,-24.3
01-701-1287,114,Xanomeline High Dose,-25.0
01-703-1379,115,Xanomeline Low Dose,-25.7
01-705-1303,116,Xanomeline High Dose,-25.8
01-715-1107,117,Xanomeline Low Dose,-25.8
01-718-1427,118,Xanomeline High Dose,-26.6
01-704-1127,119,Placebo,-28.4
01-701-1239,120,Xanomeline High Dose,-28.8
01-718-1101,121,Xanomeline High Dose,-29.2
01-701-1211,122,Xanomeline Low Dose,-29.5
01-718-1139,123,Placebo,-29.7
01-717-1109,124,Xanomeline High Dose,-30.2
01-709-1081,125,Xanomeline Low Dose,-30.3
01-716-1441,126,Placebo,-31.1
01-709-1309,127,Xanomeline High Dose,-31.7
01-701-1203,128,Placebo,-31.9
01-704-1325,129,Xanomeline Low Dose,-31.9
01-714-1195,130,Xanomeline Low Dose,-32.3
01-709-1217,131,Xanomeline Low Dose,-32.3
01-708-1087,132,Placebo,-32.4
01-706-1049,133,Xanomeline High Dose,-33.3
01-717-1201,134,Placebo,-33.8
01-718-1371,135,Xanomeline High Dose,-33.8
01-703-1335,136,Xanomeline High Dose,-34.1
01-716-1151,137,Xanomeline Low Dose,-34.2
01-704-1435,138,Placebo,-34.2
01-710-1053,139,Xanomeline Low Dose,-34.2
01-701-1363,140,Placebo,-34.3
01-713-1043,141,Xanomeline Low Dose,-35.3
01-701-1429,142,Xanomeline Low Dose,-35.6
01-711-1143,143,Xanomeline Low Dose,-36.0
01-701-1097,144,Xanomeline Low Dose,-36.2
01-716-1103,145,Xanomeline Low Dose,-36.6
01-708-1253,146,Placebo,-36.8
01-715-1321,147,Xanomeline High Dose,-37.2
01-716-1373,148,Xanomeline High Dose,-37.9
01-709-1301,149,Placebo,-38.1
01-701-1383,150,Xanomeline High Dose,-38.4
01-705-1393,151,Xanomeline Low Dose,-39.1
01-716-1311,152,Xanomeline Low Dose,-39.1
01-701-1317,153,Xanomeline Low Dose,-39.5
01-718-1079,154,Xanomeline Low Dose,-40.0
01-713-1073,155,Xanomeline Low Dose,-40.3
01-710-1027,156,Placebo,-40.3
01-710-1187,157,Xanomeline High Dose,-40.7
01-701-1115,158,Xanomeline Low Dose,-40.8
01-704-1241,159,Xanomeline High Dose,-41.2
01-715-1085,160,Xanomeline Low Dose,-41.6
01-703-1299,161,Placebo,-41.9
01-713-1269,162,Placebo,-42.0
01-704-1017,163,Xanomeline High Dose,-42.6
01-710-1045,164,Xanomeline Low Dose,-42.7
01-709-1099,165,Xanomeline High Dose,-43.2
01-716-1447,166,Xanomeline High Dose,-43.5
01-705-1059,167,Placebo,-43.9
01-709-1029,168,Xanomeline High Dose,-44.4
01-716-1157,169,Xanomeline Low Dose,-44.6
01-704-1233,170,Placebo,-44.9
01-716-1189,171,Xanomeline High Dose,-45.0
01-709-1339,172,Placebo,-45.6
01-701-1153,173,Placebo,-45.9
01-710-1235,174,Xanomeline Low Dose,-46.3
01-713-1179,175,Placebo,-46.6
01-708-1297,176,Xanomeline Low Dose,-46.9
01-701-1133,177,Xanomeline High Dose,-47.1
01-704-1351,178,Placebo,-47.1
01-710-1249,179,Xanomeline High Dose,-47.5
01-705-1031,180,Xanomeline Low Dose,-47.9
01-716-1167,181,Xanomeline Low Dose,-47.9
01-703-1439,182,Xanomeline High Dose,-47.9
01-717-1357,183,Xanomeline High Dose,-48.1
01-709-1259,184,Placebo,-48.7
01-713-1209,185,Xanomeline High Dose,-49.3
01-703-1119,186,Xanomeline Low Dose,-49.4
01-710-1315,187,Placebo,-50.0
01-701-1015,188,Placebo,-50.6
01-716-1229,189,Xanomeline High Dose,-51.9
01-705-1349,190,Placebo,-52.4
01-706-1041,191,Placebo,-54.9
01-708-1353,192,Xanomeline Low Dose,-55.3
01-705-1281,193,Xanomeline High Dose,-57.5
01-701-1275,194,Xanomeline High Dose,-100.0
01-701-1345,195,Placebo,-100.0
01-703-1100,196,Placebo,-100.0
01-703-1295,197,Xanomeline High Dose,-100.0
01-704-1065,198,Xanomeline High Dose,-100.0
01-704-1135,199,Xanomeline Low Dose,-100.0
01-704-1445,200,Placebo,-100.0
01-709-1285,201,Xanomeline Low Dose,-100.0
01-709-1312,202,Placebo,-100.0
01-710-1300,203,Xanomeline Low Dose,-100.0
01-714-1035,204,Placebo,-100.0
01-714-1375,205,Placebo,-100.0
