LABEL,C1,C2,C3,C4,ROW
Randomized (ITT),86 (100%),84 (100%),84 (100%),254 (100%),1
Safety,86 (100%),84 (100%),84 (100%),254 (100%),2
Completed study,58 (67%),25 (30%),27 (32%),110 (43%),3
Discontinued study,28 (33%),59 (70%),57 (68%),144 (57%),4
Adverse event,8 (9%),44 (52%),40 (48%),92 (36%),5
Death,2 (2%),1 (1%),0,3 (1%),6
Lack of efficacy,3 (3%),0,1 (1%),4 (2%),7
Lost to follow-up,1 (1%),1 (1%),0,2 (1%),8
Physician decision,1 (1%),0,2 (2%),3 (1%),9
Protocol violation,2 (2%),1 (1%),3 (4%),6 (2%),10
Study terminated by sponsor,2 (2%),2 (2%),3 (4%),7 (3%),11
Withdrawal by subject,9 (10%),10 (12%),8 (10%),27 (11%),12
