ROW,USUBJID,ARM,PCHG
1,01-704-1332,Xanomeline High Dose,113.9
2,01-701-1234,Placebo,108.6
3,01-703-1076,Xanomeline High Dose,107.3
4,01-708-1342,Placebo,105.6
5,01-701-1192,Xanomeline Low Dose,100.0
6,01-708-1296,Placebo,100.0
7,01-708-1428,Xanomeline Low Dose,97.6
8,01-701-1028,Xanomeline High Dose,95.3
9,01-710-1166,Xanomeline Low Dose,94.1
10,01-705-1280,Xanomeline High Dose,93.2
11,01-708-1406,Xanomeline High Dose,92.7
12,01-716-1160,Placebo,90.7
13,01-710-1060,Placebo,90.5
14,01-716-1298,Xanomeline Low Dose,89.7
15,01-708-1158,Placebo,87.0
16,01-702-1082,Xanomeline Low Dose,84.1
17,01-704-1164,Placebo,82.5
18,01-710-1354,Xanomeline High Dose,82.1
19,01-701-1440,Placebo,81.3
20,01-701-1148,Xanomeline High Dose,80.5
21,01-708-1378,Placebo,80.5
22,01-701-1188,Xanomeline Low Dose,79.1
23,01-707-1206,Placebo,75.6
24,01-704-1114,Xanomeline Low Dose,71.4
25,01-701-1130,Placebo,71.1
26,01-716-1108,Placebo,70.3
27,01-708-1286,Placebo,70.2
28,01-717-1446,Xanomeline Low Dose,68.9
29,01-714-1068,Xanomeline Low Dose,68.1
30,01-709-1238,Xanomeline High Dose,66.7
31,01-717-1004,Xanomeline Low Dose,66.7
32,01-716-1026,Placebo,66.0
33,01-708-1272,Xanomeline Low Dose,65.0
34,01-717-1344,Placebo,64.3
35,01-701-1324,Xanomeline Low Dose,63.6
36,01-716-1364,Xanomeline High Dose,63.6
37,01-704-1260,Placebo,63.4
38,01-718-1328,Xanomeline High Dose,62.8
39,01-710-1358,Xanomeline Low Dose,62.5
40,01-709-1020,Xanomeline Low Dose,61.9
41,01-704-1010,Placebo,60.5
42,01-718-1150,Placebo,60.4
43,01-710-1264,Placebo,60.0
44,01-704-1388,Placebo,58.1
45,01-716-1024,Placebo,58.1
46,01-710-1278,Xanomeline High Dose,57.4
47,01-709-1088,Placebo,54.5
48,01-701-1444,Xanomeline High Dose,53.7
49,01-705-1292,Xanomeline Low Dose,52.9
50,01-709-1168,Xanomeline High Dose,52.0
51,01-716-1308,Placebo,52.0
52,01-718-1250,Xanomeline Low Dose,51.2
53,01-701-1392,Placebo,51.0
54,01-710-1154,Xanomeline Low Dose,50.0
55,01-701-1146,Xanomeline High Dose,49.1
56,01-701-1302,Xanomeline High Dose,48.9
57,01-710-1368,Placebo,48.8
58,01-709-1102,Xanomeline Low Dose,48.1
59,01-710-1006,Xanomeline High Dose,48.1
60,01-704-1266,Xanomeline High Dose,47.2
61,01-704-1008,Xanomeline High Dose,47.1
62,01-709-1306,Placebo,45.7
63,01-708-1316,Placebo,43.4
64,01-701-1180,Xanomeline High Dose,43.2
65,01-701-1442,Xanomeline Low Dose,42.9
66,01-708-1348,Xanomeline Low Dose,42.9
67,01-710-1070,Xanomeline High Dose,42.0
68,01-708-1336,Xanomeline High Dose,41.2
69,01-704-1218,Xanomeline Low Dose,40.8
70,01-703-1210,Placebo,40.0
71,01-710-1408,Xanomeline High Dose,40.0
72,01-711-1036,Placebo,38.5
73,01-708-1178,Xanomeline High Dose,38.3
74,01-705-1282,Placebo,38.0
75,01-704-1074,Xanomeline High Dose,36.7
76,01-709-1326,Xanomeline Low Dose,36.5
77,01-704-1120,Xanomeline Low Dose,34.5
78,01-717-1174,Xanomeline High Dose,34.5
79,01-713-1106,Xanomeline High Dose,33.3
80,01-718-1172,Placebo,32.7
81,01-714-1288,Xanomeline High Dose,32.1
82,01-703-1086,Xanomeline Low Dose,31.5
83,01-708-1084,Xanomeline Low Dose,31.1
84,01-703-1258,Xanomeline High Dose,31.0
85,01-705-1310,Xanomeline High Dose,30.4
86,01-708-1216,Xanomeline High Dose,30.2
87,01-713-1448,Xanomeline Low Dose,30.0
88,01-718-1254,Xanomeline Low Dose,30.0
89,01-716-1418,Xanomeline High Dose,27.3
90,01-703-1182,Xanomeline Low Dose,26.9
91,01-701-1034,Xanomeline High Dose,24.6
92,01-701-1294,Xanomeline Low Dose,22.4
93,01-703-1042,Placebo,21.6
94,01-710-1078,Placebo,20.0
95,01-716-1094,Xanomeline Low Dose,15.0
96,01-701-1118,Placebo,11.1
97,01-716-1044,Placebo,6.5
98,01-713-1256,Placebo,0.0
99,01-710-1077,Placebo,-8.6
100,01-716-1071,Xanomeline High Dose,-11.1
101,01-701-1415,Placebo,-14.5
102,01-716-1063,Xanomeline Low Dose,-17.2
103,01-710-1385,Xanomeline Low Dose,-17.4
104,01-705-1431,Xanomeline Low Dose,-20.0
105,01-708-1347,Xanomeline High Dose,-21.3
106,01-704-1093,Xanomeline High Dose,-21.7
107,01-708-1171,Placebo,-23.0
108,01-709-1001,Placebo,-23.4
109,01-715-1207,Placebo,-23.9
110,01-710-1183,Placebo,-24.1
111,01-718-1355,Placebo,-24.2
112,01-715-1397,Placebo,-24.3
113,01-716-1177,Placebo,-24.3
114,01-701-1287,Xanomeline High Dose,-25.0
115,01-703-1379,Xanomeline Low Dose,-25.7
116,01-705-1303,Xanomeline High Dose,-25.8
117,01-715-1107,Xanomeline Low Dose,-25.8
118,01-718-1427,Xanomeline High Dose,-26.6
119,01-704-1127,Placebo,-28.4
120,01-701-1239,Xanomeline High Dose,-28.8
121,01-718-1101,Xanomeline High Dose,-29.2
122,01-701-1211,Xanomeline Low Dose,-29.5
123,01-718-1139,Placebo,-29.7
124,01-717-1109,Xanomeline High Dose,-30.2
125,01-709-1081,Xanomeline Low Dose,-30.3
126,01-716-1441,Placebo,-31.1
127,01-709-1309,Xanomeline High Dose,-31.7
128,01-701-1203,Placebo,-31.9
129,01-704-1325,Xanomeline Low Dose,-31.9
130,01-714-1195,Xanomeline Low Dose,-32.3
131,01-709-1217,Xanomeline Low Dose,-32.3
132,01-708-1087,Placebo,-32.4
133,01-706-1049,Xanomeline High Dose,-33.3
134,01-717-1201,Placebo,-33.8
135,01-718-1371,Xanomeline High Dose,-33.8
136,01-703-1335,Xanomeline High Dose,-34.1
137,01-716-1151,Xanomeline Low Dose,-34.2
138,01-704-1435,Placebo,-34.2
139,01-710-1053,Xanomeline Low Dose,-34.2
140,01-701-1363,Placebo,-34.3
141,01-713-1043,Xanomeline Low Dose,-35.3
142,01-701-1429,Xanomeline Low Dose,-35.6
143,01-711-1143,Xanomeline Low Dose,-36.0
144,01-701-1097,Xanomeline Low Dose,-36.2
145,01-716-1103,Xanomeline Low Dose,-36.6
146,01-708-1253,Placebo,-36.8
147,01-715-1321,Xanomeline High Dose,-37.2
148,01-716-1373,Xanomeline High Dose,-37.9
149,01-709-1301,Placebo,-38.1
150,01-701-1383,Xanomeline High Dose,-38.4
151,01-705-1393,Xanomeline Low Dose,-39.1
152,01-716-1311,Xanomeline Low Dose,-39.1
153,01-701-1317,Xanomeline Low Dose,-39.5
154,01-718-1079,Xanomeline Low Dose,-40.0
155,01-713-1073,Xanomeline Low Dose,-40.3
156,01-710-1027,Placebo,-40.3
157,01-710-1187,Xanomeline High Dose,-40.7
158,01-701-1115,Xanomeline Low Dose,-40.8
159,01-704-1241,Xanomeline High Dose,-41.2
160,01-715-1085,Xanomeline Low Dose,-41.6
161,01-703-1299,Placebo,-41.9
162,01-713-1269,Placebo,-42.0
163,01-704-1017,Xanomeline High Dose,-42.6
164,01-710-1045,Xanomeline Low Dose,-42.7
165,01-709-1099,Xanomeline High Dose,-43.2
166,01-716-1447,Xanomeline High Dose,-43.5
167,01-705-1059,Placebo,-43.9
168,01-709-1029,Xanomeline High Dose,-44.4
169,01-716-1157,Xanomeline Low Dose,-44.6
170,01-704-1233,Placebo,-44.9
171,01-716-1189,Xanomeline High Dose,-45.0
172,01-709-1339,Placebo,-45.6
173,01-701-1153,Placebo,-45.9
174,01-710-1235,Xanomeline Low Dose,-46.3
175,01-713-1179,Placebo,-46.6
176,01-708-1297,Xanomeline Low Dose,-46.9
177,01-701-1133,Xanomeline High Dose,-47.1
178,01-704-1351,Placebo,-47.1
179,01-710-1249,Xanomeline High Dose,-47.5
180,01-705-1031,Xanomeline Low Dose,-47.9
181,01-716-1167,Xanomeline Low Dose,-47.9
182,01-703-1439,Xanomeline High Dose,-47.9
183,01-717-1357,Xanomeline High Dose,-48.1
184,01-709-1259,Placebo,-48.7
185,01-713-1209,Xanomeline High Dose,-49.3
186,01-703-1119,Xanomeline Low Dose,-49.4
187,01-710-1315,Placebo,-50.0
188,01-701-1015,Placebo,-50.6
189,01-716-1229,Xanomeline High Dose,-51.9
190,01-705-1349,Placebo,-52.4
191,01-706-1041,Placebo,-54.9
192,01-708-1353,Xanomeline Low Dose,-55.3
193,01-705-1281,Xanomeline High Dose,-57.5
194,01-701-1275,Xanomeline High Dose,-100.0
195,01-701-1345,Placebo,-100.0
196,01-703-1100,Placebo,-100.0
197,01-703-1295,Xanomeline High Dose,-100.0
198,01-704-1065,Xanomeline High Dose,-100.0
199,01-704-1135,Xanomeline Low Dose,-100.0
200,01-704-1445,Placebo,-100.0
201,01-709-1285,Xanomeline Low Dose,-100.0
202,01-709-1312,Placebo,-100.0
203,01-710-1300,Xanomeline Low Dose,-100.0
204,01-714-1035,Placebo,-100.0
205,01-714-1375,Placebo,-100.0
