ROW,LABEL,C1,C2,C3
1,"Subjects, n",86,84,84
2,"Events, n (%)",67 (77.9%),55 (65.5%),53 (63.1%)
3,Progressive disease,65 (75.6%),55 (65.5%),53 (63.1%)
4,Death,2 (2.3%),0,0
5,"Censored, n (%)",19 (22.1%),29 (34.5%),31 (36.9%)
6,"Median (95% CI), days",44.0 (43.0; 47.0),44.0 (43.0; 46.0),47.0 (44.0; 57.0)
7,PFS rate at Day 60 (95% CI),0.306 (0.205; 0.412),0.253 (0.152; 0.367),0.347 (0.231; 0.465)
8,PFS rate at Day 120 (95% CI),0.219 (0.132; 0.320),0.138 (0.063; 0.242),0.203 (0.108; 0.319)
9,PFS rate at Day 180 (95% CI),NE,0.092 (0.032; 0.190),0.000 (NE; NE)
10,Hazard ratio vs Placebo (95% CI),,1.110 (0.772; 1.596),0.968 (0.672; 1.394)
11,Log-rank p-value vs Placebo,,0.521,0.974
